Name,OwnedBy,WantsToPlay,ReleaseYear
404: Law Not Found,,,
A Fake Artist Goes to New York,,,
Android: Netrunner,,,
Archer: The Danger Zone! Board Game,,,
BANG! The Dice Game,,,
Battlestar Galactica: The Board Game,,,
Battlestar Galactica: The Board Game ??? Exodus Expansion,,,
Boss Monster: The Dungeon Building Card Game,,,
Bucket of Doom,,,
Cards Against Humanity,,,
Cheating Moth,,,
Chupacabra: Survive the Night,,,
Cockroach Poker Royal,,,
Codenames,,,
Coup,,,
Coup: Reformation,,,
Deep Sea Adventure,,,
Dobble,,,
Dragon Brew,,,
DrunkQuest,,,
Dune,Dave,,2019
Epic Spell Wars of the Battle Wizards: Duel at Mt. Skullzfyre,Hank,Fred,
Epic Spell Wars of the Battle Wizards: Rumble at Castle Tentakill,,,2015
Escape the Nightmare,,,2016
Exploding Kittens,,,2015
Fallout,,,2017
Firefly: The Game,,,2013
Flames of War Firestorm Campaign: Operation Market Garden,,,2010
Forbidden Desert,,,2013
Forbidden Island,,,2010
Gloom,,,2005
Gloomhaven,,,2017
Hive,,,2000
King of Tokyo,,,2011
Kittens in a Blender,,,2011
Legendary Showdown: Machines & Magic,,,2015
Libertalia,,,2012
Love Letter,,,2012
Lovelace & Babbage,,,2019
Mechs vs. Minions,,,2016
Minecraft: Builders & Biomes,,,2019
Munchkin,,,2001
Mysterium,,,2015
Necromunda: Underhive,,,2017
Nyet!,,,1997
OK Play,,,2016
One Night Ultimate Werewolf,,,2014
Pandemic,,,2008
Pandemic Legacy: Season 1,,,2015
Pandemic Legacy: Season 2,,,2017
Perudo,,,1800
Prime Wars,,,2013
Qwirkle,,,2006
Railroad Ink: Blazing Red Edition,,,2018
Risk,,,1959
Robo Rally,,,2016
Saboteur,,,2004
Smash Up,,,2012
Splendor,,,2014
Star Wars: Armada,,,2015
Star Wars: X-Wing Miniatures Game,,,2012
Superfight,,,2013
Sushi Go!,,,2013
Telestrations After Dark,,,2015
Terror in Meeple City,,,2013
Tesla vs. Edison: War of Currents,,,2015
Throw Throw Burrito Kickstarter Edition,,,2019
Undaunted: Normandy,,,2019
UNO,,,1971
Welcome Back to the Dungeon,,,2016
Welcome to the Dungeon,,,2013
Wizard's Academy,,,2016
Zombie Dice,,,2010
